first,second
machinelearning,147
python,128
algorithms,79
java,63
infrastructure,55
scala,47
bigdata,47
HRManager,45
san,45
sql,32
artificialintelligence,31
c,28
docker,21
softwareengineering,20
conference,19
linux,19
database,19
naturallanguageprocessing,18
opencv,16
problemsolving,14
hadoop,14
nosql,13
Recruitment,13
consultant,12
security,12
teamplayer,12
git,12
writtencommunication,12
assistantmanagerhr,11
datamining,11
hive,11
hrexecutive,11
FarmManager,10
debugging,10
misexecutive,10
api,9
projectmanager,9
hr,9
director,9
imageprocessing,9
datastructures,8
informationtechnology,8
cuda,8
managerhr,8
HumanResourcs,8
mysql,8
mobile,7
Sec,7
orchestration,7
devops,6
rest,6
Hr,6
unix,6
admin,6
auditexecutive,6
graphics,6
assistantmanager,6
backofficeexecutive,6
executive,6
informationretrieval,6
javascript,6
cloudservices,6
.,6
Civil,6
Site,5
softwareengineer,5
seniorsoftwareengineer,5
seniorprojectmanager,5
Accounting,5
teamleader,5
branchhead,5
cloudcomputing,5
mongodb,5
seniorconsultant,5
datascience,5
Agriculture,5
accountant,5
shellscripting,4
centremanager,4
cassandra,4
designengineer,4
patternrecognition,4
projectlead,4
Legal,4
Horticulture,4
graphicdesigner,4
salesexecutive,4
Designer,4
manager,4
systemdevelopment,4
relationshipmanager,4
rdbms,4
productionenvironment,4
Tax,4
windows,4
Python,3
DataModeling,3
oss,3
projectcoordinator,3
relationshipofficer,3
accountexecutive,3
oracle,3
operatingsystem,3
messaging,3
mapreduce,3
devicedrivers,3
entrylevel,3
financeexecutive,3
fundamentals,3
github,3
projectengineer,3
Supervisor,3
softwaredesign,3
seniordesigner,3
technicalleader,3
architect,3
technicalskills,3
Engineering,3
apache,3
seniorexecutive,3
bi,3
Accountant,3
agencysupervisor,3
sales,3
MsOffice,3
webdevelopment,3
backendexecutive,3
FoodProcessing,3
bssengineer,2
frontofficeexecutive,2
engineer,2
django,2
financialadvisor,2
dataextraction,2
developer,2
businessenvironment,2
c#,2
d3.js,2
designing,2
datawarehousing,2
datascientist,2
civil,2
com,2
corporatemanager,2
DataVisualization,2
FinancialProducts,2
mockito,2
graphicsdesigner,2
hdfs,2
recruiter,2
ror,2
salesmanager,2
seniorassociateconsultant,2
seniordatascientist,2
seniorengineer,2
seniormanager,2
seniorofficer,2
servicemanager,2
soap,2
softwaredeveloper,2
Accounts,2
spring,2
systemsoftware,2
technicallead,2
AccountAssistant,2
website,2
r,2
qualityanalyst,2
prototyping,2
keyaccountmanager,2
headchef,2
hibernate,2
highperformancecomputing,2
hrrecruiter,2
html,2
html5,2
iam,2
lucene,2
pig,2
maven,2
microsoftazure,2
mining,2
assistantmanagersales,2
multimedia,2
nlp,2
os,2
associateconsultant,2
ficoconsultant,2
administration,2
Office-mgmt,2
Pandas,2
Lecturer,2
areamanager,2
MachineLearning,2
ProjectManager,2
OfficeManager,2
NLP,2
areasalesmanager,2
Spark,2
ExtJS,2
OfficeEquipment,2
assistantaccountant,2
Sales,2
HRPayroll,2
adminexecutive,2
Textile,2
artificialneuralnetworks,2
qualitycontroller,1
assistantengineer,1
qalead,1
Power,1
prolog,1
Architect,1
PowerElectronics,1
Analysis,1
regionalsalesmanager,1
OfficeManagement,1
projectdelivery,1
relationshipexecutive,1
Numpy,1
research,1
researchassociate,1
Algorithm,1
rfengineer,1
rtos,1
Ms-office,1
MedicalRep,1
Mcsa,1
Mcp,1
AdminSecretarial,1
searchengineoptimizer,1
Professor,1
professionalservices,1
ProgramManagement,1
SALES,1
oops,1
officeassistant,1
Audit,1
Restaurant,1
Auditing,1
AutoCADMechanical,1
multitasking,1
SQL,1
programmanagement,1
SUPPLYCHAIN,1
AutoCad,1
BankReconciliation,1
misanalyst,1
SafetyAnalysis,1
SafetyEngineering,1
SafetyManagement,1
Arts,1
openstack,1
Reliability,1
operationshead,1
professor,1
Admin,1
productmanager,1
productionsupport,1
Project,1
ArchitecturalDrafting,1
postgresql,1
posix,1
pharmacology,1
QualityAuditing,1
R,1
ExecutiveBoard,1
ArtificialIntelligence,1
RegressionAlgorithms,1
operationsmanager,1
sec,1
seniordesignengineer,1
senioraccountant,1
Matplotlib,1
telecom,1
techsupport,1
technicalsupportengineer,1
technicalsupportassociate,1
Fund,1
Garments,1
GeneralManager,1
technicaldirector,1
technicalconsultant,1
Graphic,1
GraphicDesign,1
teamlead,1
teaching,1
HRAdministration,1
HREXCUTIVE,1
testingengineer,1
trainingmanager,1
transformers,1
vicepresident,1
wireframes,1
FoodProcessingIndustry,1
FoodProduction,1
Forex,1
webdesigner,1
webapi,1
uxdesigner,1
travelarrangements,1
uxdesign,1
userexperience,1
usecases,1
FrontOffice,1
tsmadmin,1
tsm,1
supplies,1
storage,1
statisticalanalysis,1
seniorgraphicdesigner,1
seniorqualityanalyst,1
MachineLearing,1
seniorprojectengineer,1
seniorprocessassociate,1
seniormarketingexecutive,1
MachineOperator,1
MachineOperatorSheetMetalFabrication,1
seniorresearchassociate,1
seniorengineeringmanager,1
MachineSafety,1
Machinelearning,1
mechanicaldesignengineer,1
Machining,1
Marketing,1
seniorrecruiter,1
seniorsalesexecutive,1
sqlprogramming,1
FOODPRODUCTION,1
FinancialAccounting,1
HRMarketing,1
solutiondesign,1
solutionarchitect,1
HROperations,1
Housekeeping,1
sitesupervisor,1
LogisticsManager,1
siteengineer,1
siteconsultant,1
signalprocessing,1
Logistic,1
servicedesign,1
seoexecutive,1
membertechnicalstaff,1
marketingexecutive,1
mechanical,1
clinicaltrials,1
.net,1
DataScience,1
dataanalysis,1
administrativefunctions,1
customerserviceexecutive,1
administrativesupport,1
css,1
crm,1
administrativetasks,1
coordinator,1
DeputyManager,1
DesignDrafting,1
administrator,1
DesignGeneralEngineering,1
cloudera,1
administrativeduties,1
administrativeassistant,1
DataMining,1
designstrategy,1
directsalesexecutive,1
DataAnalysis,1
digitalsignalprocessing,1
DataExtraction,1
WarehouseManager,1
accommodation,1
accountassistant,1
adminassistant,1
designer,1
ExchangeServer5.5,1
deliverymanager,1
deliverylead,1
deepLearning,1
DataManagement,1
agencymanager,1
clinicaldata,1
SafetyTraining,1
clinical,1
biostatistics,1
biometrics,1
DesignerCADTechnician,1
artist,1
bdm,1
Django,1
asm,1
authoring,1
author,1
ElectricalMachines,1
associate,1
assistantvicepresident,1
assistantsalesmanager,1
assistantchef,1
ElectricalMaintenance,1
bootstrap,1
branchmanager,1
Electronic,1
cadengineer,1
civilengineer,1
agent,1
algorithmdevelopment,1
catia,1
Exchange,1
cashier,1
cache,1
btsengineer,1
businessrules,1
businessrequirements,1
businessevents,1
artdirector,1
businessanalyst,1
building,1
TradeFinance,1
Courier,1
drools,1
dtpoperator,1
leadershipskills,1
Seaborn,1
kernel,1
COORDINATOR,1
Cad,1
itoperations,1
it,1
interactiondesign,1
CadEngineer,1
Cam,1
Casting,1
impala,1
imaging,1
Executive,1
Sem,1
legal,1
lex,1
Boosting,1
SalesTax,1
marketingmanager,1
marketinghead,1
ElectricalPowerSystem,1
managerit,1
Biotechnology,1
manageradmin,1
management,1
linuxinternals,1
maintenanceengineer,1
machinevision,1
Bookeeping,1
Scikitlearn,1
logicalthinking,1
linuxprogramming,1
SiteCoordinator,1
SiteSafety,1
SiteSafetyManager,1
fieldsalesexecutive,1
functionalrequirements,1
Teaching,1
forexmanager,1
foodproductoin,1
Telemarketing,1
TensorFlow,1
Flask,1
generalmanager,1
executivechef,1
executiveassistant,1
Coordinator,1
Trade,1
electrician,1
electricalengineer,1
Taxation,1
ConversationalSpeech,1
CivilDrafting,1
hbase,1
ClassificationAlgorithms,1
hod,1
ClusteringAlgorithms,1
SoftwareEngineer,1
Solar,1
Statutory,1
Cnc,1
Tableau,1
h,1
StrategicPlanning,1
Commerce,1
SupplyChain,1
graphicdesign,1
googleapi,1
datacleaning,1
